"--- Welcome to Employee Payroll  Program On MySQL DB "
------------------------------------------------------------------------
UC1--> Create a database Payroll_service and Show and Used that data base
------------------------------------------------------------------------
mysql> CREATE DATABASE payroll_service;
Query OK, 1 row affected (0.00 sec)

mysql> show databases;
+--------------------+
| Database           |
+--------------------+
| information_schema |
| demo               |
| mysql              |
| payroll_service    |
| student            |
| test               |
| testmango          |
+--------------------+
7 rows in set (0.00 sec)

mysql> USE payroll_service;
Database changed
mysql> SELECT DATABASE();
+-----------------+
| DATABASE()      |
+-----------------+
| payroll_service |
+-----------------+
1 row in set (0.00 sec)

-----------------------------------------------------------------------
UC2-->Create a Table inside the Payroll database
-----------------------------------------------------------------------

mysql> CREATE TABLE employee_payroll
    -> (
    ->    id            INT unsigned NOT NULL Auto_INCREMENT,
    ->    name          VARCHAR(150) NOT NULL,
    ->    salary        Double NOT NULL,
    ->    start         DATE NOT NULL,
    ->    PRIMARY KEY   (id)
    -> );
Query OK, 0 rows affected (0.06 sec)

mysql> DESCRIBE employee_payroll;
+--------+------------------+------+-----+---------+----------------+
| Field  | Type             | Null | Key | Default | Extra          |
+--------+------------------+------+-----+---------+----------------+
| id     | int(10) unsigned | NO   | PRI | NULL    | auto_increment |
| name   | varchar(150)     | NO   |     | NULL    |                |
| salary | double           | NO   |     | NULL    |                |
| start  | date             | NO   |     | NULL    |                |
+--------+------------------+------+-----+---------+----------------+
4 rows in set (0.03 sec)

--------------------------------------------------------------------
UC3--> Inserting dat into a EmployeePayroll table
--------------------------------------------------------------------

mysql> insert into employee_payroll(name,salary,start)values
    -> ( 'Vishu', 1000000.00, '2018-01-03' ),
    -> ( 'Ashu' , 2000000.00, '2019-11-13' ),
    -> ( 'Akshu', 3000000.00, '2020-05-21' );
Query OK, 3 rows affected (0.02 sec)
Records: 3  Duplicates: 0  Warnings: 0

----------------------------------------------------
UC4--> Retrieve the data Employee_payroll data
----------------------------------------------------

mysql>  SELECT * FROM employee_payroll;
+----+-------+---------+------------+
| id | name  | salary  | start      |
+----+-------+---------+------------+
|  1 | Vishu | 1000000 | 2018-01-03 |
|  2 | Ashu  | 2000000 | 2019-11-13 |
|  3 | Akshu | 3000000 | 2020-05-21 |
+----+-------+---------+------------+
3 rows in set (0.01 sec)
